date	Argentina	Bangladesh	Belarus	Belgium	Bolivia	Brazil	Canada	Chile	China	Colombia	Dominican_Republic	Ecuador	Egypt	France	Germany	India	Indonesia	Iran	Iraq	Israel	Italy	Kazakhstan	Kuwait	Mexico	Oman	Pakistan	Panama	Peru	Philippines	Qatar	Romania	Russia	Saudi_Arabia	South_Africa	Spain	Sweden	Turkey	Ukraine	United_Kingdom	United_States_of_America
20191231			0	0		0	0		27		0	0	0	0	0	0	0	0	0	0	0		0	0	0	0			0	0	0	0			0	0			0	0
20200101			0	0		0	0		0		0	0	0	0	0	0	0	0	0	0	0		0	0	0	0			0	0	0	0			0	0			0	0
20200102			0	0		0	0		0		0	0	0	0	0	0	0	0	0	0	0		0	0	0	0			0	0	0	0			0	0			0	0
20200103			0	0		0	0		17		0	0	0	0	0	0	0	0	0	0	0		0	0	0	0			0	0	0	0			0	0			0	0
20200104			0	0		0	0		0		0	0	0	0	0	0	0	0	0	0	0		0	0	0	0			0	0	0	0			0	0			0	0
20200105			0	0		0	0		15		0	0	0	0	0	0	0	0	0	0	0		0	0	0	0			0	0	0	0			0	0			0	0
20200106			0	0		0	0		0		0	0	0	0	0	0	0	0	0	0	0		0	0	0	0			0	0	0	0			0	0			0	0
20200107			0	0		0	0		0		0	0	0	0	0	0	0	0	0	0	0		0	0	0	0			0	0	0	0			0	0			0	0
20200108			0	0		0	0		0		0	0	0	0	0	0	0	0	0	0	0		0	0	0	0			0	0	0	0			0	0			0	0
20200109			0	0		0	0		0		0	0	0	0	0	0	0	0	0	0	0		0	0	0	0			0	0	0	0			0	0			0	0
20200110			0	0		0	0		0		0	0	0	0	0	0	0	0	0	0	0		0	0	0	0			0	0	0	0			0	0			0	0
20200111			0	0		0	0		0		0	0	0	0	0	0	0	0	0	0	0		0	0	0	0			0	0	0	0			0	0			0	0
20200112			0	0		0	0		0		0	0	0	0	0	0	0	0	0	0	0		0	0	0	0			0	0	0	0			0	0			0	0
20200113			0	0		0	0		0		0	0	0	0	0	0	0	0	0	0	0		0	0	0	0			0	0	0	0			0	0			0	0
20200114			0	0		0	0		0		0	0	0	0	0	0	0	0	0	0	0		0	0	0	0			0	0	0	0			0	0			0	0
20200115			0	0		0	0		0		0	0	0	0	0	0	0	0	0	0	0		0	0	0	0			0	0	0	0			0	0			0	0
20200116			0	0		0	0		0		0	0	0	0	0	0	0	0	0	0	0		0	0	0	0			0	0	0	0			0	0			0	0
20200117			0	0		0	0		4		0	0	0	0	0	0	0	0	0	0	0		0	0	0	0			0	0	0	0			0	0			0	0
20200118			0	0		0	0		17		0	0	0	0	0	0	0	0	0	0	0		0	0	0	0			0	0	0	0			0	0			0	0
20200119			0	0		0	0		136		0	0	0	0	0	0	0	0	0	0	0		0	0	0	0			0	0	0	0			0	0			0	0
20200120			0	0		0	0		19		0	0	0	0	0	0	0	0	0	0	0		0	0	0	0			0	0	0	0			0	0			0	0
20200121			0	0		0	0		151		0	0	0	0	0	0	0	0	0	0	0		0	0	0	0			0	0	0	0			0	0			0	1
20200122			0	0		0	0		140		0	0	0	0	0	0	0	0	0	0	0		0	0	0	0			0	0	0	0			0	0			0	0
20200123			0	0		0	0		97		0	0	0	0	0	0	0	0	0	0	0		0	0	0	0			0	0	0	0			0	0			0	0
20200124			0	0		0	0		259		0	0	0	0	0	0	0	0	0	0	0		0	0	0	0			0	0	0	0			0	0			0	0
20200125			0	0		0	0		441		0	0	0	3	0	0	0	0	0	0	0		0	0	0	0			0	0	0	0			0	0			0	1
20200126			0	0		0	1		665		0	0	0	0	0	0	0	0	0	0	0		0	0	0	0			0	0	0	0			0	0			0	0
20200127			0	0		0	0		787		0	0	0	0	0	0	0	0	0	0	0		0	0	0	0			0	0	0	0			0	0			0	3
20200128			0	0		0	1		1753		0	0	0	0	1	0	0	0	0	0	0		0	0	0	0			0	0	0	0			0	0			0	0
20200129			0	0		0	1		1466		0	0	0	1	3	0	0	0	0	0	0		0	0	0	0			0	0	0	0			0	0			0	0
20200130			0	0		0	0		1740		0	0	0	1	0	1	0	0	0	0	0		0	0	0	0			1	0	0	0			0	0			0	0
20200131			0	0		0	0		1980		0	0	0	1	1	0	0	0	0	0	3		0	0	0	0			0	0	0	0			0	0			0	1
20200201			0	0		0	1		2095		0	0	0	0	2	0	0	0	0	0	0		0	0	0	0			0	0	0	2			1	1			2	1
20200202			0	0		0	0		2590		0	0	0	0	1	1	0	0	0	0	0		0	0	0	0			1	0	0	0			0	0			0	1
20200203			0	0		0	0		2812		0	0	0	0	1	0	0	0	0	0	0		0	0	0	0			0	0	0	0			0	0			0	3
20200204			0	1		0	0		3237		0	0	0	0	2	1	0	0	0	0	0		0	0	0	0			0	0	0	0			0	0			0	0
20200205			0	0		0	1		3872		0	0	0	0	0	0	0	0	0	0	0		0	0	0	0			0	0	0	0			0	0			1	0
20200206			0	0		0	0		3727		0	0	0	0	0	0	0	0	0	0	0		0	0	0	0			1	0	0	0			0	0			0	1
20200207			0	0		0	2		3160		0	0	0	0	1	0	0	0	0	0	0		0	0	0	0			0	0	0	0			0	0			1	0
20200208			0	0		0	0		3418		0	0	0	5	1	0	0	0	0	0	0		0	0	0	0			0	0	0	0			0	0			0	0
20200209			0	0		0	0		2607		0	0	0	0	0	0	0	0	0	0	0		0	0	0	0			0	0	0	0			0	0			0	0
20200210			0	0		0	0		2974		0	0	0	0	0	0	0	0	0	0	0		0	0	0	0			0	0	0	0			1	0			4	0
20200211			0	0		0	0		2490		0	0	0	0	0	0	0	0	0	0	0		0	0	0	0			0	0	0	0			0	0			1	1
20200212			0	0		0	0		2028		0	0	0	0	2	0	0	0	0	0	0		0	0	0	0			0	0	0	0			0	0			0	0
20200213			0	0		0	0		15141		0	0	0	0	0	0	0	0	0	0	0		0	0	0	0			0	0	0	0			0	0			1	1
20200214			0	0		0	0		4156		0	0	0	0	0	0	0	0	0	0	0		0	0	0	0			0	0	0	0			0	0			0	1
20200215			0	0		0	1		2538		0	0	1	0	0	0	0	0	0	0	0		0	0	0	0			0	0	0	0			0	0			0	0
20200216			0	0		0	0		2007		0	0	0	0	0	0	0	0	0	0	0		0	0	0	0			0	0	0	0			0	0			0	0
20200217			0	0		0	0		2052		0	0	0	1	0	0	0	0	0	0	0		0	0	0	0			0	0	0	0			0	0			0	0
20200218			0	0		0	0		1890		0	0	0	0	0	0	0	0	0	0	0		0	0	0	0			0	0	0	0			0	0			0	0
20200219			0	0		0	0		1750		0	0	0	0	0	0	0	0	0	0	0		0	0	0	0			0	0	0	0			0	0			0	0
20200220			0	0		0	0		394		0	0	0	0	0	0	0	2	0	0	0		0	0	0	0			0	0	0	0			0	0			0	0
20200221			0	0		0	1		891		0	0	0	0	0	0	0	3	0	0	0		0	0	0	0			0	0	0	0			0	0			0	1
20200222			0	0		0	0		826		0	0	0	0	0	0	0	13	0	1	14		0	0	0	0			0	0	0	0			0	0			0	19
20200223			0	0		0	0		647		0	0	0	0	0	0	0	10	0	0	62		0	0	0	0			0	0	0	0			0	0			1	0
20200224			0	0		0	0		218		0	0	0	0	0	0	0	15	0	1	53		3	0	0	0			0	0	0	0			0	0			0	0
20200225			0	0		0	2		515		0	0	0	0	0	0	0	18	1	0	97		2	0	2	0			0	0	0	0			1	0			0	18
20200226			0	0		1	0		410		0	0	0	2	2	0	0	34	4	0	93		6	0	2	0			0	0	0	0			6	0			2	0
20200227			0	0		0	1		439		0	0	0	3	4	0	0	44	0	0	78		15	0	0	2			0	0	1	0			8	1			5	6
20200228			1	0		0	2		329		0	0	0	21	26	0	0	106	1	1	250		17	0	2	0			0	0	0	0			18	5			4	1
20200229			0	0		0	2		428		0	0	0	19	10	0	0	143	1	4	238		2	2	0	0			0	0	2	0			19	5			8	6
20200301			0	0		1	4		574		0	1	0	43	54	0	0	205	6	0	240		0	2	0	2			0	1	0	0			28	1			12	3
20200302			0	18		0	4		205		1	5	1	30	18	0	2	385	6	3	561		1	1	0	0			0	2	0	0			54	1			5	20
20200303				19		0	3		127			1		48	28	2		523	2		347		10		1							1	1		56	1			22	14
20200304	1		3	34		0	3	1	119					34	39	1		835	5		466					1				5	1	1			75	9		1	40	22
20200305			2	53		1	3	2	117			3		73	66	22		586	5	5	587				8							0			81	11			55	34
20200306	1			81		5	12	1	170			3	1	138	138	1		591	7	2	769		2		1						2	0	4	1	183	26			56	74
20200307	6			110		5	6	1	101	1	1		12	190	284	2	2	1234		2	778					1		1	2	3	1	6			233	76			51	105
20200308	1			27		0	6		46					103	163	3		1076	16	6	1247		3						1	1	6	0	2	1	330	24			81	95
20200309	3	3		65		12	5	5	45			1	34	410	55		2	743	7	14	1492		3	2				6	4	3	2	0	4	1	433	42			60	121
20200310				94		0	15	3	20	2	3	1	6	286	237	10		595			1797		1		2	10	1	2	23	3	2	0	4	4	772	45			57	200
20200311	7		3	99		9	16	4	29			2	4	372	157	6	13	881	0	31	977		4		0	0	6	2	0	6	8	0	5		975	78			148	271
20200312			3	174	2	18	10	6	24	6			1	497	271	23	15	958	9	12	2313		3	4		4	7	6	16	238	20	15	25	6	1153	136	1		259	287
20200313	12		9	250	1	25	35	10	22				20	595	802	2		1075	4	14	2651		8	5		1	13	5	3		19	5	17	4	1531	158	1	2	406	351
20200314	3			338	7	21	38	10	19	7	6	6	13	785	693	8	35	1289	11	20	2547		20	10	2	0	9	16	12	58	25	15	24	7	1683	155			484	511
20200315	11	0		179	0	23	68	18	22	18	0	5	0	838	733	7	27	1365	0	62	3497	6	4	15	0	9	7	5	47	17	24	14	0	0	2144	149			478	777
20200316	11		6	214		79	60	14	25	11	0	9	17	924	1043	3	21	1209	39	72	2823	3	8	12	2	1	0	28	29	64	26	4	32	27	1706	108	16	0	361	823
20200317	9	2	9	387	1	34	120	81	43	12	0	21	16	1210	1174	32	17	1053	0	10	4000	2	11	29	2	156	26	15	2	38	45	30	15	11	2503	89	29	2	442	887
20200318	14	3	0	422	1	57	145	45	23	8	0	53	40	1097	1144	12	38	1178	30	167	3526	22	7	11	0	0	17	31	45	3	33	21	0	23	3694	46	51	9	611	1766
20200319	18	2	10	534	0	137	121	37	44	37	10	57	30	1404	1042	28	0	1192	10	6	4207	4	12	25	15	115	23	28	15	10	43	33	38	31	4047	134	93	5	769	2988
20200320	31	0	11	713	3	193	156	104	99	26	0	31	14	1861	5940	26	55	1046	13	244	5322	12	6	46	0	176	28	89	28	8	17	52	67	34	4569	122	168	7	999	4835
20200321	30	7	0	663	4	283	125	92	52	30	13	227	46	1617	4049	40	82	1237	16	35	5986	4	11	39	9	17	63	29	0	10	31	54	36	55	5446	200	311	0	1055	5374
20200322	67	7	19	470	1	224	331	103	65	52	78	106	29	1847	3276	89	141	966	21	171	6557	3	17	48	4	151	45	55	150	11	59	53	118	35	4866	123	277	15	1255	7123
20200323	41	3	0	486	7	418	128	95	138	25	90	257	9	1559	3311	119	64	1028	19	188	5560	4	12	65	3	138	68	45	0	13	66	132	119	34	4646	160	289	6	1198	8459
20200324	35	6	5	1328	1	345	216	114	69	71	43	192	33	3838	4438	53	65	1411	33	371	4789	2	1	51	11	103	32	32	82	7	143	0	51	128	7691	110	293	26	1378	11236
20200325	86	6	0	1195	4	310	313	176	78	72	67	101	39	2446	2342	70	107	1762	50	488	5249	17	2	38	18	104	98	21	90	25	186	57	205	155	8553	256	343	11	2338	8789
20200326	115	0	5	1199	7	232	1426	220	102	92	80	129	76	2931	4954	87	104	2206	30	439	5210	9	4	70	15	66	145	142	84	11	144	163	133	152	8954	238	561	29	2375	13963
20200327	87	9	0	1363	22	482	633	164	94	21	96	192	14	3922	5780	75	103	2389	36	297	6153	32	13	110	10	140	86	22	71	12	123	182	112	218	9181	296	1196	43	2692	16797
20200328	101	0	8	1519	13	502	657	304	119	48	93	224	39	3809	6294	149	153	2926	76	369	5959	73	17	132	22	0	112	55	96	13	263	196	92	243	8244	240	2069	62	3087	18695
20200329	55	0	0	844	7	487	711	299	113	69	138	208	41	4611	3965	106	109	3076	48	584	5974	36	10	131	21	211	115	36	272	28	160	228	99	17	6424	401	1704	93	3197	19979
20200330	75	1	0	683	15	352	869	230	98	94	140	55	40	2599	4751	92	130	2901	41	628	5217	55	20	145	15	118	88	181	343	44	308	270	26	93	5813	253	1815	107	2822	18360
20200331	146	0	11	1738	11	323	1169	310	84	96	42	76	33	4376	4615	180	129	3186	83	226	4050	41	11	101	12	99	86	98	666	59	192	302	224	46	8145	328	1610	62	2858	21595
20200401	0	2	47	1681	8	1138	1112	289	54	108	208	336	47	7578	5453	146	114	3111	64	443	4053	15	23	121	13	414	106	115	0	88	293	501	110	27	7413	407	2704	69	4273	24998
20200402	167	3	0	1516	8	1119	1059	293	100	159	175	456	54	4861	6156	568	149	2987	0	675	4782	8	28	163	18	252	136	258	227	54	215	440	157	27	7583	512	2148	245	4514	27103
20200403	0	2	102	1479	9	1074	1673	373	70	96	96	405	69	2116	6174	336	113	2875	78	661	4668	38	25	132	21	0	158	91	322	114	278	771	165	82	7272	519	2456	103	4913	28819
20200404	132	5	97	1694	7	1146	1251	333	62	106	108	205	0	5233	6082	601	196	0	0	1176	4585	74	0	178	0	0	198	181	385	0	445	601	0	43	6663	612	2786	175	4868	32425
20200405	186	9	43	922	18	1222	1363	424	48	139	90	97	206	4267	5936	472	106	5275	106	590	4805	0	137	202	46	159	128	151	76	376	430	582	294	80	5533	365	3013	153	4911	34272
20200406	103	18	170	665	26	852	1614	310	67	79	167	181	85	1873	3677	693	181	2483	83	412	4316	71	77	253	21	827	187	535	152	279	251	658	206	70	3667	387	3135	83	4020	25398
20200407	74	35	136	1934	11	926	1157	344	56	94	83	101	3	3912	3834	354	218	2274	70	474	3599	139	109	296	73	587	112	280	414	228	193	954	138	31	5209	376	3148	11	3592	30561
20200408	87	41	161	1515	16	1661	1230	301	86	201	128	248	249	3777	4003	773	247	2089	0	344	3039	34	78	346	48	208	149	393	104	225	360	1154	272	63	5583	487	3892	143	5282	30613
20200409	80	54	205	1598	54	2210	1391	430	86	274	155	455	238	3881	4974	540	218	1997	171	156	3836	55	112	396	0	250	279	1388	106	153	344	1175	137	96	5745	726	4117	206	5450	33323
20200410	99	112	420	2239	4	1930	1474	426	55	169	238	515	139	4286	5323	678	337	1634	30	564	4204	43	55	260	38	279	224	914	206	166	441	1459	355	89	4537	722	4056	224	5131	33901
20200411	81	94	495	2336	8	1781	1385	529	79	250	271	2196	95	4342	4133	1035	219	1972	47	440	3951	38	83	403	27	187	222	641	0	136	265	1786	364	69	4550	544	4747	311	4858	35527
20200412	162	58	245	1029	24	1089	1168	426	93	236	139	96	145	3114	2821	909	330	1837	39	335	4694	40	161	375	62	250	260	951	352	216	523	1667	382	25	3899	466	5138	308	4313	28391
20200413	66	139	352	524	30	1442	1064	286	112	67	208	209	126	1613	2537	796	399	1657	34	402	4092	81	80	442	53	336	166	671	220	251	310	2186	429	145	3030	332	4789	266	3579	27620
20200414	69	182	341	537	24	1261	1298	312	94	76	200	63	125	2673	2082	1211	316	1617	26	441	3153	218	66	353	214	342	72	0	284	252	333	2558	472	99	3116	465	4093	325	3489	25023
20200415	160	209	362	1560	43	1832	1383	392	49	127	119	74	160	5497	2486	1075	282	1574	22	460	2972	88	55	385	97	272	102	2784	291	197	246	2774	435	143	4424	497	4062	270	4178	26922
20200416	0	219	447	1633	44	3058	1318	356	50	126	328	255	155	2633	2866	942	297	1512	15	455	2667	64	50	448	0	517	177	1172	230	283	337	3388	493	91	3820	482	4281	392	4326	30148
20200417	128	341	476	1674	24	2105	1717	534	352	128	141	367	168	2641	3380	1007	380	1606	19	257	3786	139	119	450	109	520	265	1016	207	392	491	3448	518	99	3818	613	4801	397	5065	31667
20200418	98	266	575	1394	28	3257	1791	445	31	206	371	225	171	405	3609	991	407	1499	48	224	3493	121	134	578	50	456	194	998	218	560	360	4070	762	178	3836	676	4353	301	5292	30833
20200419	170	306	518	722	27	2917	1469	478	18	182	209	572	188	2569	2458	1334	325	1374	0	283	3491	63	94	622	111	512	63	931	209	345	351	4785	1132	251	-713	606	3783	644	4956	32922
20200420	102	312	510	443	44	2055	1436	358	14	171	345	446	112	785	1775	1553	327	1343	57	226	3047	81	163	764	86	425	194	1208	172	440	328	6060	1088	124	2218	563	3977	343	4721	24601
20200421	90	492	457	1276	34	1927	2046	419	32	185	284	660	189	2051	1785	1335	185	1294	35	222	2256	214	80	511	242	798	191	697	200	567	190	4268	1122	142	2951	392	4674	261	3853	28065
20200422	112	434	459	1271	11	2498	1590	325	15	172	80	270	157	2667	2237	1384	375	1297	28	229	2729	76	85	729	0	533	163	1512	140	518	306	5642	1147	165	2312	545	4611	415	4854	37289
20200423	144	390	558	777	63	2678	1766	464	12	207	256	452	0	1827	2352	1409	283	1194	0	650	3370	166	168	1043	106	0	171	1413	111	608	468	5236	1141	170	2916	682	3083	467	4760	17588
20200424	147	414	741	976	31	3735	1920	516	8	205	243	333	169	1653	2337	1684	357	1030	75	290	2646	143	151	1089	102	1406	174	1664	271	623	386	4774	1158	318	2114	751	3116	578	5487	26543
20200425	0	503	751	811	104	3503	1778	494	15	320	206	0	433	1773	2055	1429	436	1168	31	176	3021	148	215	1239	74	785	172	734	211	761	321	5849	1172	267	2506	812	3122	477	5158	21352
20200426	344	309	817	388	59	5514	1464	552	10	261	177	0	227	1537	1737	1990	396	1134	55	240	2357	170	278	970	115	783	200	3683	102	833	218	5966	1197	141	1641	610	2861	478	4970	48529
20200427	0	418	873	205	84	3379	1543	473	3	237	209	11536	0	461	1018	1396	275	1153	57	100	2324	65	183	835	93	605	241	2186	285	929	401	6361	1223	185	1660	463	2357	492	3748	26857
20200428	223	497	826	755	64	4613	1605	482	26	218	0	521	463	1195	1144	1543	214	991	27	68	1739	143	213	852	51	751	242	1182	198	957	303	6198	1289	247	1525	286	2131	392	3473	22541
20200429	124	549	919	569	39	5385	1526	552	2	352	281	1018	260	1065	1304	1897	415	1112	0	123	2091	203	152	1223	82	806	179	2491	181	677	277	6411	1266	203	847	695	2392	401	4706	24132
20200430	158	641	973	522	57	6276	1572	520	4	262	236	417	226	1607	1478	1718	260	1073	156	245	2086	142	300	1047	143	874	178	2741	254	643	362	5841	1325	354	1241	681	2936	456	4729	27326
20200501	143	564	846	586	57	7218	1649	1138	12	296	320	259	269	1139	1639	1993	347	983	82	112	1872	299	284	1425	74	1058	154	3045	276	845	262	7099	1351	297	1387	790	2615	540	5442	29917
20200502	104	571	890	237	62	6209	1825	985	3	499	316	1402	358	604	945	2293	433	1006	68	155	1965	167	353	1515	99	1297	188	3483	284	687	327	7933	1344	304	1234	428	2188	455	4966	33955
20200503	149	552	911	286	241	4970	1653	1427	2	279	290	1128	298	794	793	2644	292	802	66	84	1900	206	242	1349	36	989	370	2075	156	776	165	9623	1362	385	935	562	1983	550	4737	29288
20200504	102	665	877	140	124	4588	2760	1228	3	383	376	2074	272	308	679	2553	349	976	77	23	1389	87	364	1383	85	1083	107	3394	295	679	431	10633	1552	447	466	235	1670	502	3229	24972
20200505	104	688	784	670	87	6633	1298	980	2	305	281	2343	348	576	685	3900	395	1223	50	38	1221	157	295	1434	69	1315	190	1444	262	640	349	10581	1645	437	1039	404	1614	418	2982	22593
20200506	133	786	861	546	121	6935	1274	1373	2	640	245	0	388	1104	1037	2958	484	1323	85	43	1075	156	526	1120	98	1049	136	3817	199	951	325	10102	1595	352	880	495	1832	366	3389	23841
20200507	188	790	905	552	84	10503	1450	1032	2	346	327	-2461	387	4183	1194	3561	367	1680	49	21	1444	225	485	1609	168	1523	208	3628	320	830	270	10559	1687	236	921	702	2253	487	3682	24128
20200508	163	706	913	442	195	9888	1426	1533	6	497	288	878	393	629	1209	3390	338	1485	63	71	1401	188	278	1982	55	1764	137	3709	339	918	392	11231	1793	424	1173	705	1977	507	3827	28369
20200509	240	709	933	483	185	10222	1512	1391	0	595	281	-1480	495	642	1251	3320	336	1556	60	55	1327	144	641	1906	154	1637	202	3321	120	1311	312	10699	1701	663	743	642	1848	504	3767	26957
20200510	165	636	951	240	171	10611	1268	1247	15	444	506	253	488	433	667	3277	533	1529	76	18	1083	202	415	1938	112	1991	212	3168	147	1130	320	10817	1704	525	3416	656	1546	515	3063	25612
20200511	13	887	921	118	119	6760	1146	1647	19	568	465	488	436	209	357	4213	387	1383	88	23	802	90	1065	1562	175	1476	166	2292	184	1189	231	11012	1912	595	393	401	1542	522	2157	20258
20200512	245	1034	933	476	275	5632	1133	1197	1	550	287	-50	346	456	933	3604	233	1683	51	29	744	114	598	1305	175	1140	168	1515	292	1103	226	11656	1966	637	482	348	1114	416	2329	18117
20200513	529	969	967	395	133	9258	1176	1658	7	659	266	910	347	708	798	3525	484	1481	95	23	1402	177	991	1997	147	2255	167	3237	264	1526	190	10899	1911	698	439	602	1704	375	3586	22048
20200514	316	1162	952	321	184	11385	1121	2660	6	658	296	67	338	507	933	3722	689	1958	119	19	888	154	751	1862	298	1452	161	4247	268	1390	224	10028	1905	724	849	637	1639	402	3402	20782
20200515	255	1041	947	305	224	13944	1123	2659	5	680	124	16	398	622	913	3967	568	1808	111	31	992	0	947	2409	322	1430	174	4298	258	1733	245	9974	2039	665	643	673	1635	422	3307	27143
20200516	345	1202	958	346	205	15305	1201	2502	9	606	419	965	399	563	620	3970	490	2102	50	10	789	279	885	2437	284	1581	150	3891	215	1153	190	10598	2307	785	515	625	1708	483	2628	25508
20200517	326	930	951	147	249	14919	1251	1886	6	723	154	1296	491	372	583	4987	529	1757	67	19	875	307	942	2112	404	1352	181	4046	214	1547	267	9200	2840	831	652	470	1610	528	2526	24487
20200518	0	1273	969	81	262	7938	1138	2353	10	635	421	419	510	120	342	5242	489	1806	144	9	675	283	1048	2075	157	1974	157	3732	208	1632	167	9709	2736	1160	256	466	1368	433	2079	18873
20200519	566	1602	922	317	175	13140	1070	2278	9	721	411	400	535	492	513	4970	496	2294	150	4	451	311	841	2414	193	1841	120	2660	205	1365	165	8926	2593	918	431	234	1158	325	1838	21841
20200520	438	1251	936	292	218	17408	1040	3520	2	640	498	569	720	524	797	5611	486	2111	57	29	813	218	1073	2713	292	1932	141	4550	224	1637	155	9263	2509	767	518	422	1022	260	2589	19970
20200521	474	1617	918	385	438	19951	990	4038	2	752	254	703	745	418	745	5609	693	2346	113	20	665	265	804	2248	372	2193	110	4537	279	1491	196	8764	2691	803	482	724	972	354	3052	23285
20200522	648	1773	945	70	268	18508	1222	3964	12	643	180	452	774	318	460	6088	973	2392	153	20	642	363	1041	2973	327	2603	139	4749	213	1554	198	8849	2532	1134	1787	649	961	476	2718	25434
20200523	718	1694	932	248	392	20803	1156	4276	2	801	332	522	783	403	638	6654	634	2311	87	0	652	322	955	2960	424	1743	151	2929	163	1830	127	8894	2642	988	466	637	952	442	2574	24147
20200524	704	1873	941	123	336	16508	1141	3536	3	1046	433	430	827	240	431	6767	949	1869	308	0	669	403	900	3329	463	2164	310	4056	180	1732	145	9434	2442	1218	482	379	1186	432	2062	21236
20200525	723	1532	954	75	348	15813	1078	3709	11	998	0	498	652	115	289	6977	526	2180	197	30	531	209	838	2764	513	1748	349	4205	258	1501	213	8599	2399	1240	-372	271	1141	406	1527	20568
20200526	552	1975	946	314	397	11687	1012	4895	7	806	651	599	702	358	432	6535	479	2023	163	14	300	438	665	2485	0	1356	257	4020	284	1751	213	8946	2235	1032	859	384	987	259	1364	19064
20200527	600	1166	915	202	476	16324	936	3964	1	1022	191	0	789	276	362	6387	415	1787	216	23	397	335	608	3455	348	1446	264	5772	350	1742	146	8915	1931	649	510	597	948	339	1624	18910
20200528	705	1541	897	182	632	20599	872	4328	3	1101	459	748	910	191	353	6566	686	2080	287	36	584	272	692	3463	255	2076	281	6154	380	1740	165	8338	1815	1673	1137	648	1035	321	1672	18721
20200529	769	2029	902	171	619	26417	993	4654	0	1262	345	368	1127	3325	741	7466	687	2258	322	79	593	356	845	3377	636	2801	403	5874	539	1967	197	8371	1644	1466	658	639	1182	477	1835	21817
20200530	717	2523	906	165	344	26928	906	3695	17	1322	463	100	1289	597	738	7964	678	2819	416	115	516	450	1072	3227	811	2429	400	6506	1046	1993	191	8572	1581	1837	664	749	1141	429	1760	25337
20200531	795	1764	894	61	861	33274	772	4220	5	1548	377	0	1367	1828	286	8380	557	2282	306	25	416	476	1008	2885	603	3039	487	7386	590	2355	151	8952	1618	1727	201	637	983	393	1527	23297
20200601	637	2545	898	49	390	16409	757	4830	19	1147	377	527	1536	257	333	8392	700	2516	260	59	355	450	851	3152	1014	2964	445	8805	862	1648	124	9268	1877	1716	209	429	839	468	1125	19807
20200602	564	2381	847	59	549	11598	758	5471	7	1110	287	896	1399	338	213	8171	467	2979	429	148	178	263	719	2771	786	3938	374	5563	552	1523	141	9035	1881	1674	294	272	827	340	1079	21086
20200603	904	2911	852	181	460	28936	705	3527	5	1340	180	420	1152	-766	342	8909	609	3117	519	123	318	225	887	3891	576	4065	258	0	359	1826	119	8863	1869	1455	394	775	786	328	1441	20544
20200604	949	2695	861	159	647	28633	675	4942	1	1521	288	552	1079	352	394	9304	684	3134	781	87	321	271	710	3912	738	4801	514	8875	751	1901	152	8536	2171	1713	334	2214	867	483	1484	19699
20200605	0	2423	865	172	607	30916	641	4664	11	1766	279	0	1152	767	507	9851	585	3574	672	133	177	245	562	4442	779	3985	435	4284	634	1581	238	8831	1975	3267	318	1080	988	588	1356	21140
20200606	1769	2828	887	154	483	30830	609	4207	6	1515	389	609	1348	611	407	9887	703	2886	1006	144	518	199	723	4346	770	4734	419	4202	244	1754	196	8726	2591	2642	332	1056	930	553	1243	25178
20200607	983	2635	883	69	630	27075	722	5246	9	1392	487	1153	1497	579	301	9971	993	2269	1252	77	270	183	487	3593	930	4960	541	4358	714	1700	187	8855	3121	2539	240	948	878	550	1120	22223
20200608	774	2743	879	53	285	18921	642	6405	5	1209	405	392	1467	343	214	9983	672	2364	1268	132	197	165	717	3484	866	4728	421	4757	555	1595	189	8984	3045	2312	167	843	914	485	801	22302
20200609	826	2735	823	152	306	15654	545	4696	3	1483	526	258	1365	211	350	9987	847	2043	1115	174	280	215	662	2999	604	4646	429	3181	579	1368	125	8985	3369	2594	249	403	989	463	721	18822
20200610	1141	3171	812	145	695	32091	409	3913	4	1359	289	539	1385	403	318	9985	1043	2095	787	179	283	245	630	4199	712	5385	379	4040	518	1721	145	8595	3288	2112	314	791	993	394	1099	18665
20200611	1239	3190	801	119	637	32913	472	5737	11	1604	393	523	1455	545	555	9996	1240	2011	1146	87	202	239	683	4883	689	5834	656	5087	740	1716	196	8404	3717	2430	427	890	922	525	1158	20614
20200612	1373	3187	750	95	884	30412	405	5596	7	0	629	0	1442	425	258	10956	979	2238	1261	346	379	314	609	4790	1067	6397	697	5965	443	1476	237	8779	3733	3147	502	1474	987	689	1199	22883
20200613	1391	3471	704	89	764	25982	413	6754	12	3176	571	1338	1578	726	348	11458	1111	2369	1095	175	163	366	520	5222	1117	6472	625	5961	612	1517	222	8987	3921	3359	396	1396	1195	683	1017	25639
20200614	1531	2856	721	49	913	21704	467	6509	60	1888	564	578	1676	526	247	11929	1014	2410	1180	132	346	258	514	3494	1006	6825	848	4383	605	1828	275	8706	3366	3809	323	1247	1459	753	1052	25540
20200615	1282	3141	732	22	617	17110	377	6938	47	2193	390	395	1618	407	192	11502	857	2472	1259	113	338	313	454	4147	1404	5248	627	4604	538	1186	320	8835	4233	4302	181	683	1562	648	890	19543
20200616	1208	3099	707	147	614	20647	360	5143	43	2124	309	571	1691	152	378	10667	1017	2449	1106	217	301	383	511	3427	1043	4443	736	3256	490	1274	166	8246	4507	3495	219	769	1592	656	822	19957
20200617	1374	3862	689	99	810	34918	320	5013	44	1868	415	621	1567	344	345	10974	1106	2563	1385	299	210	350	527	4599	745	5839	540	4164	361	1201	250	8248	4267	2801	355	940	1467	666	1043	23705
20200618	1393	4008	663	123	802	32188	386	36179	36	2115	419	547	1363	458	580	12881	1031	2612	1554	257	328	335	575	4930	810	5358	635	3752	457	1097	345	7843	4919	4078	585	1239	1429	758	1102	25559
20200619	0	3803	625	108	814	22765	367	4475	36	3171	540	607	1218	467	770	13586	1331	2596	1463	142	331	474	541	5662	739	4944	754	3480	561	1267	320	7790	4757	3478	307	1481	1304	829	1013	27762
20200620	4018	3243	676	121	977	54771	409	6290	30	3059	423	634	1774	811	601	14516	1041	2615	1635	303	-148	428	604	5030	852	6604	923	3537	660	1021	320	7972	4301	3825	363	0	1214	921	1027	29909
20200621	1634	3240	603	50	1036	34666	390	5355	29	2357	710	452	1547	641	687	15413	1226	2322	1870	294	264	446	467	4717	896	4951	948	3413	941	1026	330	7889	3941	4966	334	0	1248	841	986	34158
20200622	1581	3531	569	20	876	17459	318	5607	19	3019	899	457	1475	284	537	14821	862	2368	1646	145	224	507	505	5343	905	4471	808	3598	652	881	315	7728	3379	4621	232	0	1192	735	687	25793
20200623	2146	3480	518	143	1105	21432	311	4608	52	2531	693	0	1576	373	503	14933	954	2573	1808	304	221	499	641	4577	1605	3946	722	0	630	1034	246	7600	3393	4288	248	2889	1212	681	639	31390
20200624	0	3412	464	110	896	39436	326	3804	29	2389	566	1003	1332	517	587	15968	1051	2445	1826	430	113	534	742	6288	1318	3892	562	5874	1143	1176	214	7425	3139	4518	334	1905	1268	833	896	34720
20200625	4920	3462	458	100	1098	42725	279	3649	20	3541	695	691	1420	81	630	16922	1113	2531	2200	532	577	520	846	5437	1142	4044	716	3879	470	1199	321	7176	3123	5688	400	1487	1492	940	886	34339
20200626	2606	3946	437	76	1016	39483	369	4648	28	3486	510	822	1569	0	477	17296	1178	2595	2437	356	296	465	909	6104	1366	2775	1007	3913	774	1060	460	7113	3372	6579	419	1566	1458	994	778	40949
20200627	0	3868	331	113	920	46860	172	4296	24	3843	623	700	1625	1588	687	18552	1240	2628	2054	400	255	569	915	5441	1132	3138	868	3762	1004	946	411	6800	3938	6215	564	1247	1396	1109	721	45527
20200628	5287	3504	382	41	1253	38693	238	4406	18	4149	855	718	1168	0	256	19906	1385	2456	2069	621	175	461	688	4410	919	4072	753	3625	730	879	325	6852	3927	7210	301	0	1372	948	671	42486
20200629	0	3809	380	24	848	30476	218	4216	14	3178	754	681	1265	0	262	19459	1198	2489	2140	334	174	547	551	4050	1197	3557	1028	3430	652	750	291	6791	3989	6334	200	0	1356	917	649	38673
20200630	4524	4014	315	127	601	24052	668	4017	23	3274	443	410	1566	1324	498	18522	1082	2536	1749	686	126	492	582	3805	910	2825	1099	2946	983	693	269	6719	3943	6130	301	2530	1374	646	446	41556
20200701	2262	3682	328	100	1094	33846	286	3394	5	2803	752	767	1557	541	466	18653	1293	2457	1958	803	142	19246	671	5432	1010	4133	765	2848	1076	982	388	6693	4387	6945	388	784	1293	706	730	43880
20200702	2667	3775	306	135	1008	46712	0	2650	31	4163	819	1825	1503	918	503	19148	1385	2549	2415	1013	182	1509	745	5681	1124	4339	913	3264	997	915	326	6556	3402	8124	444	1241	1192	664	617	52048
20200703	2744	4019	274	93	1301	48105	567	2498	14	4101	810	1211	1485	659	446	20903	1624	2652	2184	1285	201	1501	919	6741	1361	4087	774	3527	294	894	450	6760	3383	8728	442	947	1186	889	651	53399
20200704	2845	3114	299	94	1290	42223	319	3548	9	3395	951	1189	1412	582	422	22771	1301	2566	2312	513	223	1644	813	6740	1374	3387	758	3595	1531	756	420	6718	4193	9063	0	780	1172	876	602	54442
20200705	0	3288	273	64	1253	37923	226	3758	18	3884	1036	878	1324	0	239	24850	1447	2449	2334	1115	235	1452	631	6914	1177	3191	988	3481	1494	530	416	6632	4128	10853	0	0	1154	914	579	45221
20200706	2590	2738	284	24	1226	26051	219	3685	14	3721	1241	423	1218	0	219	24248	1607	2560	2125	788	192	1403	638	4683	1072	3344	1166	3638	0	616	391	6736	3580	8773	1244	0	1148	823	401	49093
20200707	2439	3201	250	113	1212	20229	399	3025	25	3171	703	422	969	1375	390	22252	1209	2613	1796	1228	208	1109	703	4902	1557	2691	1185	2985	4503	546	250	6611	4207	8971	341	1642	1086	543	555	49990
20200708	2632	3027	199	99	1036	45305	232	2462	21	4213	302	865	1057	475	397	22752	1268	2637	2426	1036	137	1376	601	6258	1262	2980	957	3575	1540	600	397	6368	3392	10134	383	283	1053	564	704	57473
20200709	2979	3489	221	137	1439	44571	267	2064	33	4144	1158	976	1025	663	442	24879	1853	2691	2741	1335	193	1962	762	6995	1210	3359	960	3633	2486	608	555	6562	3036	8810	543	514	1041	807	597	58906
20200710	3604	3360	187	124	1129	42619	371	3133	46	5335	1202	797	950	621	395	26506	2657	2079	2170	1268	214	1726	833	7280	1518	2751	965	3537	1395	557	614	6509	3183	13674	852	475	1024	810	693	63004
20200711	3663	2949	193	127	1452	45048	321	3058	40	6803	1125	783	981	658	378	27114	1611	2262	2848	1441	276	1708	740	6891	1889	2752	1041	3198	1160	520	592	6635	3159	12348	0	565	1003	819	715	66625
20200712	3367	2686	163	62	1635	39023	221	2755	35	4586	1199	1408	923	0	248	28637	1671	2397	2734	1197	188	1798	478	6094	1083	2521	1075	3064	1308	498	698	6611	2994	13497	0	0	1016	800	565	63051
20200713	3449	2666	165	43	987	24831	244	3012	46	5083	1418	661	912	0	159	28701	1681	2186	2312	1207	234	1636	836	4482	1318	2753	1301	3616	2037	470	456	6615	2779	12058	2045	0	1012	678	442	57258
20200714	2657	3099	182	224	1063	20286	565	2616	55	3782	974	589	931	1625	412	28498	1282	2349	2229	1962	169	1866	614	4685	2164	1979	1540	3797	747	418	413	6537	2852	11554	666	928	1008	612	361	58114
20200715	3099	3163	155	207	1617	41857	331	1836	54	5671	799	1111	929	0	351	29429	1591	2521	2022	1728	114	1759	666	7051	1389	2165	923	3744	539	517	637	6248	2692	10496	875	175	992	638	726	68518
20200716	3645	3533	174	260	1351	39924	341	1712	20	5271	1366	759	913	927	534	32695	1522	2388	2110	2354	162	1674	703	6149	1679	2145	1147	3857	1305	450	641	6422	2671	12757	1361	491	947	836	685	67717
20200717	4250	2733	180	226	1938	45403	437	2493	77	8037	1072	1036	928	534	583	34956	1574	2500	2281	1345	230	1707	791	6406	1327	2085	1130	3862	2416	464	777	6428	2764	13172	1400	385	933	848	772	76930
20200718	3623	3034	159	274	1946	34177	405	2841	80	8934	1370	1079	703	836	529	34884	1462	2379	2023	1400	231	1808	553	7257	1619	1918	1035	3951	1735	451	799	12640	2613	13373	0	404	926	809	704	71494
20200719	4518	2709	171	129	2036	28532	0	2307	80	8560	1406	938	698	0	202	38902	1752	2166	2049	1906	249	1636	683	7615	1311	1579	853	3963	2303	410	889	6109	2565	13285	0	0	918	847	569	63749
20200720	3223	2459	142	65	1444	23529	680	2084	130	6578	1336	631	603	0	249	40425	1639	2182	2310	924	218	1499	300	5311	1157	1587	1207	4090	2152	340	767	0	2504	13449	4581	0	924	731	493	61796
20200721	4231	2928	118	443	1409	20257	775	2099	84	6727	1101	607	627	2080	522	37148	1693	2414	2163	1387	190	1630	559	5172	1739	1013	958	4091	1442	389	681	5940	2429	9300	1358	767	931	651	413	56750
20200722	4019	3057	135	145	1366	41008	571	1654	74	7033	841	1597	676	584	454	37724	1655	2625	2466	2366	128	1685	671	6859	1487	1332	727	4406	1866	393	994	5842	2476	8170	1357	118	928	673	793	72048
20200723	5344	2744	173	553	1778	67860	543	1719	135	7390	1246	1040	667	998	569	45720	1882	2586	2706	2043	280	1646	751	6019	1660	1763	753	4463	1505	441	1030	5862	2331	13150	2615	338	902	829	751	68848
20200724	5782	2856	167	439	1117	59961	432	2357	139	7945	1572	891	668	1062	815	49310	1906	2621	2361	1897	306	1687	687	8438	1099	1209	911	4546	2121	373	1112	5848	2238	13104	2255	259	913	856	773	63196
20200725	6127	2548	158	496	1204	55891	534	2545	157	7168	1462	901	659	1130	781	48916	1761	2489	2485	1493	252	1740	753	7573	1145	1487	1176	4865	2054	394	1119	5811	2378	13944	0	234	937	972	731	78427
20200726	5493	2520	156	229	1825	51147	350	2288	179	7254	1819	987	511	0	305	48661	1868	2316	2862	1203	274	1494	684	6751	1067	1226	871	3923	1968	398	1284	5871	2201	12204	0	0	921	1106	667	65498
20200727	9006	2275	130	184	1148	24578	355	2198	189	8181	2012	658	479	0	340	49931	1492	2333	2459	1278	254	1402	464	5480	1147	1176	1432	4913	2036	269	1120	5765	1968	11233	6361	0	927	920	421	55993
20200728	0	2772	119	595	2382	23284	699	2133	213	8125	1248	467	420	2551	633	47703	1525	2434	2553	2502	168	1526	606	4973	1053	936	1146	4920	1592	292	1104	5635	1993	7096	1828	398	919	807	371	56243
20200729	4890	2960	115	685	516	40816	383	1877	207	10284	534	1118	465	725	684	48513	1748	2667	2747	2097	202	1544	770	7208	846	1063	781	5288	1633	283	1151	5395	1897	7232	2031	99	963	919	70	61734
20200730	5939	3009	152	703	1207	69074	476	1775	223	8670	1492	914	409	1392	902	52123	2381	2636	2968	2001	288	1472	754	5752	665	1114	1046	5678	1813	273	1182	5475	1759	11362	2789	288	942	1022	763	74985
20200731	5641	2695	147	635	1700	57837	329	1961	276	9965	1733	1177	401	1377	870	55078	1904	2621	2963	1823	382	1414	626	7730	590	903	922	6809	3888	307	1356	5509	1629	11046	3092	318	967	1197	846	68032
20200801	6377	2772	143	684	1555	52383	513	2131	166	9488	1734	985	321	1346	955	57118	2040	2674	3346	591	379	1289	428	8458	0	0	1065	7243	3980	235	1295	5482	1686	11014	0	322	982	1090	880	67023
20200802	5929	2199	138	306	2004	45392	287	1991	172	10673	1766	877	238	0	240	54735	1560	2548	2095	1313	295	6407	491	9556	0	0	1127	7448	4878	216	1225	5462	1573	10107	0	0	996	1172	771	58407
20200803	5241	886	121	148	1360	25800	285	2073	158	11470	828	292	167	0	509	52972	1519	2685	2447	742	238	1867	463	4853	0	1724	1070	6667	4953	196	1075	5427	1357	8195	8532	0	987	1112	743	47511
20200804	5376	1356	99	794	1693	16641	147	1762	114	10199	874	517	157	3376	879	52050	1679	2598	2735	1878	159	1434	388	4767	0	432	1003	4250	3145	215	823	5394	1258	5377	5760	590	995	990	928	45607
20200805	4824	1918	84	812	1515	51603	760	1469	107	7129	1178	922	112	1039	741	52509	1922	2751	2836	1739	190	2861	475	6148	0	675	968	6790	6263	216	1232	5159	1342	4456	2953	169	1083	1061	670	57525
20200806	6792	2654	126	761	1780	57152	395	1761	122	10735	1365	903	123	1695	1740	56282	1815	2697	2834	1682	384	2590	651	6139	1127	727	807	7734	3387	267	1309	5920	1389	8559	4088	359	1178	1271	891	52804
20200807	7147	2977	127	767	1282	53139	374	1948	132	11996	876	1671	131	1604	1164	62538	1882	2634	3047	1730	401	2404	620	6590	427	782	1187	7785	3480	287	1345	4551	1402	8307	4507	427	1153	1318	950	59755
20200808	7513	2851	111	777	1468	50230	424	2154	120	9486	1173	1432	141	2288	995	61537	2473	2450	3461	937	552	2009	682	6717	354	842	1142	8466	3294	291	1378	5241	1567	7292	0	356	1185	1453	871	58150
20200809	7482	2611	124	303	1164	49970	236	2198	92	9674	1069	1603	167	0	704	64399	2277	2125	3325	1474	347	1883	472	6495	290	634	1091	7137	4131	267	1350	5212	1469	7712	0	0	1172	1489	758	56221
20200810	6134	2487	112	121	944	23010	245	2033	121	10611	954	887	178	0	317	62064	1893	2020	2726	537	463	900	514	4376	223	539	841	7012	3028	297	1145	5189	1428	6670	8618	0	1182	2207	1062	46847
20200811	4688	2907	97	872	1636	22048	666	1988	113	10142	767	242	174	4854	1079	53601	1687	2132	3484	2220	259	779	687	5558	207	531	902	5109	6725	315	779	5118	1257	3740	3632	649	1193	1158	816	49530
20200812	7369	2996	58	717	1693	52160	289	1572	58	12830	595	862	168	1397	1182	60963	1693	2345	3396	1737	412	2114	668	6686	263	730	1070	6547	2900	384	1215	4945	1521	2511	3172	154	1183	1433	1148	46813
20200813	7043	2995	97	611	1743	55155	423	1552	81	12066	1130	1547	129	2524	1521	66999	1942	2510	3441	1595	476	1489	717	5858	249	753	913	8875	4211	292	1415	5102	1569	2810	7550	329	1212	1592	1009	55941
20200814	7663	2617	101	669	0	60091	405	1866	99	11286	910	1233	145	2669	1452	64553	2098	2625	3841	1268	522	1410	701	7371	232	626	1069	9441	3777	343	1454	5057	1482	3946	5479	397	1243	1732	1129	51094
20200815	7498	2766	105	587	1388	50644	418	2077	70	11306	1354	1066	112	2846	1339	65002	2307	2501	4013	1258	574	1267	699	5618	212	747	956	8300	6134	251	1415	5065	1383	6275	0	442	1226	0	1440	64838
20200816	6365	2644	116	163	2687	41576	237	1791	65	11578	1057	1279	116	3310	718	63490	2345	2245	4293	1263	629	1380	512	6345	181	670	1263	9507	4258	277	1328	5061	1413	4513	0	0	1256	1847	1077	48085
20200817	6663	2024	92	134	1198	23101	198	2044	96	11643	764	854	139	3015	481	57981	2081	2133	4348	337	477	478	508	4448	162	498	1275	10143	3335	271	1087	4969	1227	3692	16269	0	1192	3101	1040	42104
20200818	5469	2595	73	705	879	19373	785	1556	66	8328	428	209	115	493	1431	55079	1821	2247	3202	2449	320	334	622	3571	140	617	603	5547	3221	288	733	4892	1372	2541	5114	751	1233	1616	713	35056
20200819	4557	3200	84	727	1796	47784	282	1353	53	12462	386	1190	0	2238	769	64531	1673	2385	4576	1280	401	1352	643	5506	192	0	247	7828	4739	293	1014	4748	1419	2258	6671	174	1263	0	1089	44091
20200820	6840	2747	128	598	2031	49298	336	1182	33	13056	1004	1534	324	3776	1707	69652	1902	0	4093	1560	642	1031	675	5792	188	1126	964	9099	4561	295	1409	4828	1353	3916	7039	192	1303	1967	812	47426
20200821	6693	2868	149	539	1015	45323	383	1812	40	11541	883	1033	111	4771	2327	68898	2266	4723	3995	1630	840	979	622	6775	163	630	101	8639	4248	268	1346	4785	1287	3880	8148	399	1412	2134	1182	44005
20200822	8225	2401	161	408	1370	30355	499	1920	49	8419	857	973	123	4586	1134	69878	2197	2206	4288	1117	947	908	502	5928	0	586	537	9008	4343	257	1392	4870	1213	3398	0	258	1203	2106	1033	49880
20200823	8159	2265	174	42	992	50032	257	1939	38	10965	694	608	89	3602	782	69239	2090	2028	3965	1364	1071	960	688	6482	0	591	1088	9169	4884	284	1189	4921	1184	3707	0	0	1309	2328	1288	44378
20200824	7759	1973	183	0	722	23421	267	1957	41	8044	600	680	0	4897	711	61408	2037	2113	3291	1071	1209	259	571	3948	0	0	1420	9090	2352	243	981	4852	1109	2728		0	1217	1987	1041	34506
